date,dailysales
2014-01-01,45026.679682423615
2014-01-02,44766.307139320896
2014-01-03,44808.80919261678
2014-01-04,29195.590640376253
2014-01-05,50443.6554916044
2014-01-06,45987.94374070607
2014-01-07,45501.05640424627
2014-01-08,45142.2850139862
2014-01-09,44938.95042092332
2014-01-10,45038.017964759674
2014-01-11,29479.80330096228
2014-01-12,50780.213109770695
2014-01-13,46373.11268881785
2014-01-14,45930.08231620997
2014-01-15,45609.477625366235
2014-01-16,45437.79788075095
2014-01-17,45561.328259685964
2014-01-18,30019.869530908327
2014-01-19,51328.99852738952
2014-01-20,46922.45069384341
2014-01-21,46471.88600199361
2014-01-22,46135.953031290854
2014-01-23,45941.65482881499
2014-01-24,46035.98255588045
2014-01-25,30459.630402750365
2014-01-26,51729.23544608023
2014-01-27,47281.04735591056
2014-01-28,46786.72405542048
2014-01-29,46406.30057314598
2014-01-30,46168.20398180652
2014-01-31,46220.8472987169
2014-02-01,30606.30378805118
2014-02-02,51842.50651710756
2014-02-03,47365.56609936864
2014-02-04,46849.46972699955
2014-02-05,46455.07820158803
2014-02-06,46211.42653807762
2014-02-07,46267.29610024844
2014-02-08,30664.87363336623
2014-02-09,51921.94262701776
2014-02-10,47474.20032873652
2014-02-11,46994.96368450588
2014-02-12,46644.18086952787
2014-02-13,46449.753714000086
2014-02-14,46559.13849404891
2014-02-15,31013.039754099995
2014-02-16,52327.64170496015
2014-02-17,47936.96945696859
2014-02-18,47512.64216357369
2014-02-19,47212.93342865346
2014-02-20,47064.142899058636
2014-02-21,47212.24509729734
2014-02-22,31696.628751218865
2014-02-23,53032.3698047078
2014-02-24,48652.62909653225
2014-02-25,48228.43563779566
2014-02-26,47917.769857583015
2014-02-27,30432.91672763214
2014-02-28,48996.851820516174
2014-03-01,32303.82040572591
2014-03-02,53587.58096405262
2014-03-03,49147.96563991593
2014-03-04,48657.49254955392
2014-03-05,48275.846900893055
2014-03-06,48031.22337574052
2014-03-07,48071.931355305824
2014-03-08,32440.077218519124
2014-03-09,53653.76826721233
2014-03-10,49149.43100080188
2014-03-11,48601.50672773747
2014-03-12,48171.44120670345
2014-03-13,47888.97398003114
2014-03-14,47903.69554730512
2014-03-15,32258.68803463384
2014-03-16,36158.661957191325
2014-03-17,50116.9804399357
2014-03-18,48462.181902293814
2014-03-19,48072.94676395702
2014-03-20,47843.575497339145
2014-03-21,47922.419753380724
2014-03-22,32350.98385100665
2014-03-23,53646.13030030581
2014-03-24,49242.417296534964
2014-03-25,48811.83092964317
2014-03-26,48512.82807820274
2014-03-27,48371.69445688427
2014-03-28,48534.18433468911
2014-03-29,33039.255546635955
2014-03-30,54401.343238573245
2014-03-31,50052.76347314357
2014-04-01,49663.50764277161
2014-04-02,49390.34195063925
2014-04-03,49258.2148559416
2014-04-04,49411.93760909362
2014-04-05,33889.9503278528
2014-04-06,55206.61613615009
2014-04-07,50794.63385617646
2014-04-08,50324.82986123209
2014-04-09,49955.24332372453
2014-04-10,49712.50803974074
2014-04-11,49743.49654898556
2014-04-12,34089.039885023216
2014-04-13,55266.16663276571
2014-04-14,33396.41995466078
2014-04-15,51230.31236101132
2014-04-16,49583.181391598526
2014-04-17,49202.47953538539
2014-04-18,49103.527387667426
2014-04-19,33330.01887228308
2014-04-20,54401.62600097158
2014-04-21,49758.101807664745
2014-04-22,49073.49753069162
2014-04-23,48510.57701189261
2014-04-24,48100.2690818321
2014-04-25,47993.209308931866
2014-04-26,32233.370519532345
2014-04-27,53340.22803754965
2014-04-28,48751.05338809851
2014-04-29,48140.600068014544
2014-04-30,30356.065052106947
2014-05-01,48503.129034166544
2014-05-02,47384.39007723425
2014-05-03,31759.03354722944
2014-05-04,53009.24407253668
2014-05-05,48569.42511285119
2014-05-06,48111.389822367935
2014-05-07,47793.42662365095
2014-05-08,47641.67801297705
2014-05-09,47801.798259680465
2014-05-10,32312.702862559607
2014-05-11,53688.85256567733
2014-05-12,49362.66256657662
2014-05-13,49004.297530453674
2014-05-14,48770.766512510345
2014-05-15,48687.32070881526
2014-05-16,48899.119368130545
2014-05-17,33444.9767035635
2014-05-18,54839.63288384023
2014-05-19,50516.14030742778
2014-05-20,50145.626616739224
2014-05-21,49886.349645002185
2014-05-22,49765.04852086684
2014-05-23,49928.55774066452
2014-05-24,34417.49865656412
2014-05-25,55748.49314937232
2014-05-26,51356.492413016495
2014-05-27,50914.484011457294
2014-05-28,50582.494037628916
2014-05-29,33074.85689848401
2014-05-30,51616.51847037803
2014-05-31,34903.535413755635
2014-06-01,56171.2446276206
2014-06-02,51720.757797042796
2014-06-03,51225.518147453295
2014-06-04,50845.738250174836
2014-06-05,50609.712851832366
2014-06-06,50665.40941648986
2014-06-07,35054.15126700187
2014-06-08,56292.83806046847
2014-06-09,51816.29601897581
2014-06-10,51297.02012008268
2014-06-11,50894.22369824685
2014-06-12,50635.199448207226
2014-06-13,50666.95792649542
2014-06-14,35029.956827906324
2014-06-15,56240.36422090916
2014-06-16,51732.44671654874
2014-06-17,51178.343479051866
2014-06-18,50737.140423105724
2014-06-19,50436.2477055832
2014-06-20,50423.04597750172
2014-06-21,34738.614313128994
2014-06-22,55899.98292538793
2014-06-23,51342.5018536046
2014-06-24,50739.5870273145
2014-06-25,50251.75881488487
2014-06-26,49907.97717708179
2014-06-27,49857.240122064104
2014-06-28,34142.25979433071
2014-06-29,55281.66086255068
2014-06-30,50712.294047640426
2014-07-01,50108.92789611883
2014-07-02,49633.235607198476
2014-07-03,49315.082681295426
2014-07-04,49304.08363095519
2014-07-05,33643.24348235612
2014-07-06,54851.129937269354
2014-07-07,50364.17001171104
2014-07-08,49856.33497240189
2014-07-09,49488.130812346346
2014-07-10,49287.900166203144
2014-07-11,49403.4037356495
2014-07-12,33875.49647637246
2014-07-13,55220.343647923946
2014-07-14,50873.22576857176
2014-07-15,50503.91366454769
2014-07-16,50270.092035167225
2014-07-17,50197.273078206024
2014-07-18,50430.44778603173
2014-07-19,35007.83201965273
2014-07-20,56443.15056122777
2014-07-21,52168.05004652836
2014-07-22,51851.90151852678
2014-07-23,51650.90668360745
2014-07-24,51589.510619119064
2014-07-25,51812.085945821294
2014-07-26,36356.70084364101
2014-07-27,57737.413401812424
2014-07-28,53386.68280554323
2014-07-29,52975.1580228285
2014-07-30,52660.758321944835
2014-07-31,52470.04893915442
2014-08-01,52549.87778776055
2014-08-02,36941.08675047375
2014-08-03,58160.74146264483
2014-08-04,53644.47172377176
2014-08-05,53066.18500716139
2014-08-06,52587.06933131963
2014-08-07,52236.89081650021
2014-08-08,52165.55384112891
2014-08-09,36416.7393260333
2014-08-10,40196.03373104142
2014-08-11,54017.940227032675
2014-08-12,52212.38326073345
2014-08-13,51659.65238862183
2014-08-14,51255.85312580875
2014-08-15,51151.30705164349
2014-08-16,35389.61905879524
2014-08-17,56489.84608326796
2014-08-18,51888.795976510126
2014-08-19,51260.720028184114
2014-08-20,50766.315898093584
2014-08-21,50434.04622377589
2014-08-22,50411.74020833369
2014-08-23,34740.29257358211
2014-08-24,55935.90403755955
2014-08-25,51432.455105975525
2014-08-26,50901.27471282113
2014-08-27,50500.21847598561
2014-08-28,32941.02665238116
2014-08-29,51445.72479423779
2014-08-30,34707.22693118104
2014-08-31,55957.61215675223
2014-09-01,51494.72642617632
2014-09-02,50988.843573503684
2014-09-03,50597.20141983219
2014-09-04,50345.404186712076
2014-09-05,50379.091435928094
2014-09-06,34737.68631368319
2014-09-07,55936.66614217464
2014-09-08,51409.94654686688
2014-09-09,50829.64058313815
2014-09-10,50355.108079694124
2014-09-11,50014.29946575877
2014-09-12,49955.36094967639
2014-09-13,34220.31556708932
2014-09-14,55327.26495171776
2014-09-15,50712.7048482131
2014-09-16,50051.21763295202
2014-09-17,49504.4587855183
2014-09-18,49102.44317934415
2014-09-19,48995.099497982825
2014-09-20,33225.908529726585
2014-09-21,54314.07119860647
2014-09-22,49696.800098965374
2014-09-23,49048.99827447107
2014-09-24,48532.242378267554
2014-09-25,48176.07599418333
2014-09-26,48129.58106034518
2014-09-27,32435.042523349515
2014-09-28,53610.15121495984
2014-09-29,49090.337640745835
2014-09-30,48548.4991652259
2014-10-01,30830.003111078382
2014-10-02,31724.73440451607
2014-10-03,31796.26568298014
2014-10-04,33533.136453258536
2014-10-05,53688.12156450643
2014-10-06,49277.64340525384
2014-10-07,48838.02576341165
2014-10-08,48526.867739364716
2014-10-09,48369.866240989024
2014-10-10,48512.475990350686
2014-10-11,32993.65496210198
2014-10-12,54328.13832472448
2014-10-13,49948.83196425656
2014-10-14,49526.58681099187
2014-10-15,49219.26881837283
2014-10-16,49053.12837589428
2014-10-17,49174.43543646527
2014-10-18,33623.194199369085
2014-10-19,54915.38145371241
2014-10-20,50485.30079919535
2014-10-21,50005.315171864684
2014-10-22,49634.87376414664
2014-10-23,32087.805134626033
2014-10-24,33274.60833636661
2014-10-25,34967.70177753928
2014-10-26,55056.450397292094
2014-10-27,50559.653893785595
2014-10-28,50016.29407594686
2014-10-29,49586.833449910206
2014-10-30,49299.960748419566
2014-10-31,49304.17445179942
2014-11-01,33641.45424511505
2014-11-02,54829.465358729874
2014-11-03,50303.88855074302
2014-11-04,49738.138390678214
2014-11-05,49292.38586158891
2014-11-06,48994.889931113656
2014-11-07,48993.60493130376
2014-11-08,33329.877829844234
2014-11-09,54520.67942714808
2014-11-10,50000.961328983714
2014-11-11,49443.40047826428
2014-11-12,49007.446446950125
2014-11-13,48720.675408341995
2014-11-14,48730.41700338758
2014-11-15,33077.46768192459
2014-11-16,54278.334186468834
2014-11-17,49767.59880516422
2014-11-18,49217.66810213199
2014-11-19,48787.82039471209
2014-11-20,48505.55610618511
2014-11-21,48518.21754240556
2014-11-22,32866.69212071573
2014-11-23,54067.6432599823
2014-11-24,49555.86117194933
2014-11-25,49003.99592434278
2014-11-26,48571.58873189395
2014-11-27,48286.406288686136
2014-11-28,48296.045351086184
2014-11-29,32641.62220934865
2014-11-30,53839.99179744169
2014-12-01,49326.089132678906
2014-12-02,48772.655801892324
2014-12-03,31025.234460807704
2014-12-04,49188.23384032955
2014-12-05,48063.37862985721
2014-12-06,32409.387012891006
2014-12-07,53608.38169871779
2014-12-08,49095.10032707852
2014-12-09,48542.06940517102
2014-12-10,48108.6458295496
2014-12-11,47822.36529297994
2014-12-12,47830.56413759105
2014-12-13,32174.088509702106
2014-12-14,53369.534677539246
2014-12-15,48851.612242789386
2014-12-16,48292.891967676456
2014-12-17,47852.85341140113
2014-12-18,47559.236344827616
2014-12-19,47559.66225729437
2014-12-20,31895.339687175612
2014-12-21,53083.29724065437
2014-12-22,48558.73616443578
2014-12-23,47994.76445698518
2014-12-24,47551.42809655028
2014-12-25,47257.04384959137
2014-12-26,47259.80056335575
2014-12-27,31601.443340646332
2014-12-28,52799.485184462006
2014-12-29,48289.538724554346
2014-12-30,47745.03078107599
2014-12-31,47326.21607085659
2015-01-01,47061.495218197044
2015-01-02,47099.00459658933
2015-01-03,31480.29292742818
2015-01-04,52722.52963970225
2015-01-05,48260.837893922544
2015-01-06,47768.01515792246
2015-01-07,47403.55764287678
2015-01-08,47194.99359413778
2015-01-09,47289.4926466266
2015-01-10,31727.565709681065
2015-01-11,53025.29978463842
2015-01-12,48616.71990081495
2015-01-13,48173.540238213995
2015-01-14,47854.2198510499
2015-01-15,47685.32704164852
2015-01-16,47813.17863066279
2015-01-17,32277.567630784066
2015-01-18,53594.02281192608
2015-01-19,49196.19149522431
2015-01-20,48755.606893816905
2015-01-21,48430.754786939186
2015-01-22,48248.44309429707
2015-01-23,48355.44027658532
2015-01-24,32792.195928199784
2015-01-25,54075.08709181924
2015-01-26,49638.78186370595
2015-01-27,49155.98202371414
2015-01-28,48786.46006895945
2015-01-29,48558.3949732189
2015-01-30,48619.97349588094
2015-01-31,33013.07142307628
2015-02-01,54255.45937773117
2015-02-02,49783.125934009346
2015-02-03,49269.98096132369
2015-02-04,48876.855759235004
2015-02-05,48632.80544053404
2015-02-06,48686.68144327364
2015-02-07,33080.78949572749
2015-02-08,54333.078470871755
2015-02-09,49879.45349448075
2015-02-10,49393.476668738855
2015-02-11,49035.37220135008
2015-02-12,48833.34140734026
2015-02-13,48935.155249698466
2015-02-14,33381.83930893785
2015-02-15,54689.89597031461
2015-02-16,50293.6563486246
2015-02-17,32550.99107216945
2015-02-18,50697.09311863255
2015-02-19,32098.650842363535
2015-02-20,50696.20334198822
2015-02-21,34048.9001806517
2015-02-22,55389.6106663038
2015-02-23,51016.937093848275
2015-02-24,50601.85495225973
2015-02-25,50302.23141475584
2015-02-26,50144.21367048409
2015-02-27,50273.887528248335
2015-02-28,34731.01914290406
2015-03-01,56031.322843764145
2015-03-02,51608.8460644913
2015-03-03,51135.73253045401
2015-03-04,50771.27851484007
2015-03-05,33229.25271747179
2015-03-06,51734.24365393648
2015-03-07,34982.19565922671
2015-03-08,56208.606027123446
2015-03-09,51715.03705768644
2015-03-10,51175.67925872054
2015-03-11,50751.78402692568
2015-03-12,50472.95962944478
2015-03-13,50488.733401851154
2015-03-14,34842.19565061334
2015-03-15,56052.170962305005
2015-03-16,51555.51064491965
2015-03-17,51026.77011583031
2015-03-18,50627.1885568333
2015-03-19,50385.97690501836
2015-03-20,50451.88249938137
2015-03-21,34866.845968886635
2015-03-22,56148.1958670785
2015-03-23,51730.974297664216
2015-03-24,51287.656581497955
2015-03-25,50977.18126664132
2015-03-26,50826.29529288748
2015-03-27,50981.18117492942
2015-03-28,35481.18016748994
2015-03-29,56841.05517784806
2015-03-30,52493.38485385031
2015-03-31,52108.35006151615
2015-04-01,51842.827240032006
2015-04-02,51721.79171114788
2015-04-03,51889.99619542742
2015-04-04,36385.73705877189
2015-04-05,57723.150824031516
2015-04-06,53334.631391620096
2015-04-07,52890.62847388612
2015-04-08,52548.74131651179
2015-04-09,52335.110678234996
2015-04-10,52396.07452987062
2015-04-11,36771.900512113956
2015-04-12,57979.03850096983
2015-04-13,53452.48481392881
2015-04-14,35551.486677180714
2015-04-15,53513.300147225826
2015-04-16,52021.3533566359
2015-04-17,51942.81066575773
2015-04-18,36186.41403126497
2015-04-19,57271.52043411971
2015-04-20,52635.830712591305
2015-04-21,51955.06187246467
2015-04-22,51391.915164504426
2015-04-23,50977.34613593447
2015-04-24,50862.105256056275
2015-04-25,35090.36511613762
2015-04-26,38867.84703076228
2015-04-27,52708.83851186103
2015-04-28,50942.71260558375
2015-04-29,50448.89451139837
2015-04-30,50122.342556742544
2015-05-01,50111.98489667717
2015-05-02,34459.828780002616
2015-05-03,55683.17552846424
2015-05-04,51216.96858650626
2015-05-05,50733.53677122294
2015-05-06,50391.64806347526
2015-05-07,50217.87779086386
2015-05-08,50358.25713222397
2015-05-09,34852.01503366812
2015-05-10,56213.856514840714
2015-05-11,51876.36812357625
2015-05-12,51509.811220852964
2015-05-13,51271.217209009184
2015-05-14,51185.787577323325
2015-05-15,51398.56399572181
2015-05-16,35948.1811406073
2015-05-17,57349.14513145897
2015-05-18,53034.228538660325
2015-05-19,52674.24314265235
2015-05-20,52427.105335865075
2015-05-21,52319.1980720058
2015-05-22,52496.99584867562
2015-05-23,37000.7668454989
2015-05-24,58346.79667708381
2015-05-25,53969.72639502123
2015-05-26,53542.26763891962
2015-05-27,53224.21154093136
2015-05-28,53043.73694705802
2015-05-29,35834.95277311351
2015-05-30,38716.28759592881
2015-05-31,58859.519332799726
2015-06-01,54418.06691490503
2015-06-02,53930.868948820425
2015-06-03,53558.23999263779
2015-06-04,53328.61209722951
2015-06-05,53390.11795126105
2015-06-06,37784.2657433687
2015-06-07,59028.15075706101
2015-06-08,54556.79641729607
2015-06-09,54042.88729928529
2015-06-10,53645.809858231536
2015-06-11,53393.005166524934
2015-06-12,53431.60003228969
2015-06-13,37802.13002693116
2015-06-14,59022.92720783455
2015-06-15,54526.11674492623
2015-06-16,53983.77736536837
2015-06-17,53554.886156676395
2015-06-18,53266.69779768339
2015-06-19,53266.39426206947
2015-06-20,37594.81782503289
2015-06-21,58768.73034358348
2015-06-22,54223.18981140469
2015-06-23,53631.30536337954
2015-06-24,53153.285574786074
2015-06-25,52817.783883422635
2015-06-26,52773.50751989016
2015-06-27,37062.90395603611
2015-06-28,58204.36921447632
2015-06-29,53634.5705659416
2015-06-30,53028.146423394006
2015-07-01,52546.699973130024
2015-07-02,52220.0920760422
2015-07-03,52198.00148883113
2015-07-04,36523.56799094072
2015-07-05,57715.56419617577
2015-07-06,53210.689832899574
2015-07-07,52683.252336950514
2015-07-08,52294.15108080134
2015-07-09,52072.17127730754
2015-07-10,52165.55581774283
2015-07-11,36615.670533640216
2015-07-12,57939.2082624033
2015-07-13,53570.52480216583
2015-07-14,53181.369624364364
2015-07-15,52929.92743625059
2015-07-16,52842.17517878664
2015-07-17,53063.52108392009
2015-07-18,37632.539508274815
2015-07-19,59063.24505972085
2015-07-20,54787.4972033811
2015-07-21,54474.79633141358
2015-07-22,54281.38557295105
2015-07-23,54231.66123511392
2015-07-24,54469.85697188851
2015-07-25,39033.81408242648
2015-07-26,60437.28039135794
2015-07-27,56112.32811329028
2015-07-28,55729.15120750121
2015-07-29,55445.15634082923
2015-07-30,55286.3505167578
2015-07-31,55398.99095925733
2015-08-01,39823.310455116465
2015-08-02,61075.76170233238
2015-08-03,56591.3724231893
2015-08-04,56043.473332335634
2015-08-05,55592.71484593625
2015-08-06,55268.37749591258
2015-08-07,55219.94362885478
2015-08-08,39490.74561767296
2015-08-09,60600.136133380096
2015-08-10,55985.77416083908
2015-08-11,55323.290643251035
2015-08-12,54775.25125954859
2015-08-13,54372.42269532662
2015-08-14,54265.31112457336
2015-08-15,38497.78897833802
2015-08-16,59589.256084359055
2015-08-17,54976.92907129903
2015-08-18,54335.52280095286
2015-08-19,53826.24088458283
2015-08-20,53478.0808792896
2015-08-21,53439.421826367776
2015-08-22,37751.708885920365
2015-08-23,58931.67960351416
2015-08-24,54413.72396847858
2015-08-25,53869.64015555193
2015-08-26,53457.70104618024
2015-08-27,53204.03513336603
2015-08-28,53254.28749704011
2015-08-29,37647.373703671525
2015-08-30,58897.769387523505
2015-08-31,54437.92606480323
2015-09-01,53938.07367608175
2015-09-02,53555.323805630134
2015-09-03,53315.07631011908
2015-09-04,53362.69447113177
2015-09-05,37737.26126422708
2015-09-06,58954.6154619335
2015-09-07,54447.47896037074
2015-09-08,53887.4955453769
2015-09-09,53433.53693471839
2015-09-10,53113.05954973141
2015-09-11,53073.722634025005
2015-09-12,37357.08189607004
2015-09-13,58480.80320133019
2015-09-14,53880.98902936536
2015-09-15,53231.88068627148
2015-09-16,52694.85297897478
2015-09-17,52299.70702557727
2015-09-18,52196.22936207818
2015-09-19,36427.8330043496
2015-09-20,57513.72628115922
2015-09-21,35577.169996702534
2015-09-22,53369.88429916949
2015-09-23,51707.869685885926
2015-09-24,51338.676362213715
2015-09-25,51277.15145044548
2015-09-26,35565.95296616284
2015-09-27,56723.17771836428
2015-09-28,52184.68451020497
2015-09-29,51623.810390955936
2015-09-30,51200.395994351034
2015-10-01,50942.12453616599
2015-10-02,50996.14113485792
2015-10-03,35402.76627211021
2015-10-04,56677.747076053245
2015-10-05,52254.63784747976
2015-10-06,51804.57111591913
2015-10-07,51485.333872721356
2015-10-08,51322.75230229978
2015-10-09,51462.350594940326
2015-10-10,35943.09677193945
2015-10-11,57279.67853730221
2015-10-12,52904.900136658085
2015-10-13,52489.4613092257
2015-10-14,52191.03301439062
2015-10-15,52035.63352117638
2015-10-16,52169.27092639945
2015-10-17,36631.66571543607
2015-10-18,57938.497235368915
2015-10-19,53523.76606354805
2015-10-20,35745.501251089976
2015-10-21,36525.49266691065
2015-10-22,36308.16479635393
2015-10-23,36375.69910930659
2015-10-24,38083.45420529172
2015-10-25,58186.03911642302
2015-10-26,53702.097889424396
2015-10-27,53170.49378686695
2015-10-28,52751.60859387693
2015-10-29,52474.08774260702
2015-10-30,52486.4223681967
2015-10-31,36830.61833389306
2015-11-01,58024.39729261635
2015-11-02,53503.522684252086
2015-11-03,52941.51348654993
2015-11-04,52498.66190376033
2015-11-05,52203.35981896507
2015-11-06,52203.70102221689
2015-11-07,36541.17346501595
2015-11-08,57732.88573242467
2015-11-09,53213.91972211502
2015-11-10,52657.07143584862
2015-11-11,34907.861960257724
2015-11-12,35756.58698018368
2015-11-13,35767.48261362719
2015-11-14,37429.994194857725
2015-11-15,57498.02847539024
2015-11-16,52989.344017933756
2015-11-17,52441.77824247588
2015-11-18,52014.5901712358
2015-11-19,51735.24818113053
2015-11-20,51751.05257314807
2015-11-21,36102.84183428023
2015-11-22,57307.2266693995
2015-11-23,52798.943911042625
2015-11-24,52250.59255052152
2015-11-25,51821.66772770769
2015-11-26,51539.89738829434
2015-11-27,51552.848728394594
2015-11-28,35901.62056855568
2015-11-29,57103.05849874119
2015-11-30,52592.10118442887
2015-12-01,52041.504829677564
2015-12-02,51610.86987009833
2015-12-03,51327.97329271316
2015-12-04,51340.373842123176
2015-12-05,35689.10469665605
2015-12-06,56890.89820514768
2015-12-07,52380.535121296576
2015-12-08,51830.58071079385
2015-12-09,51400.42350311785
2015-12-10,51117.62113598132
2015-12-11,51129.519968231965
2015-12-12,35476.9624216341
2015-12-13,56676.52600222664
2015-12-14,52162.88580431101
2015-12-15,51608.56226904756
2015-12-16,51172.96942021691
2015-12-17,50883.767547776835
2015-12-18,50888.48663319391
2015-12-19,35228.234199828614
2015-12-20,56419.93138446142
2015-12-21,51898.669003263756
2015-12-22,51337.4454870677
2015-12-23,50896.20213872986
2015-12-24,50603.160039596696
2015-12-25,50606.42536562528
2015-12-26,34947.677366106
2015-12-27,56144.38344872379
2015-12-28,51632.13385532443
2015-12-29,51084.35855001165
2015-12-30,50661.34253210056
2015-12-31,50391.54464715645
2016-01-01,50423.18736337262
2016-01-02,34797.93240880008
2016-01-03,56033.08726803773
2016-01-04,51563.93546908456
2016-01-05,51063.45360152716
2016-01-06,50691.33145963841
2016-01-07,50475.300412676675
2016-01-08,50562.73734726399
2016-01-09,34994.35879793277
2016-01-10,56286.44983763377
2016-01-11,51873.220092623036
2016-01-12,51426.54913253932
2016-01-13,51105.03683278534
2016-01-14,50935.362934493634
2016-01-15,51063.92221121766
2016-01-16,35530.54889660328
2016-01-17,56850.77398356952
2016-01-18,52458.20682959049
2016-01-19,52024.30245184526
2016-01-20,51707.42933176416
2016-01-21,51534.24129360319
2016-01-22,51651.31934575014
2016-01-23,36098.896776752306
2016-01-24,57393.11092959444
2016-01-25,52968.37308439433
2016-01-26,52497.11801767214
2016-01-27,52138.8484275254
2016-01-28,51921.478339785746
2016-01-29,51992.94209868498
2016-01-30,36394.883099656
2016-01-31,57644.86667594393
2016-02-01,53178.709657698266
2016-02-02,52670.18932535337
2016-02-03,52280.04813617552
2016-02-04,52037.29952555653
2016-02-05,52090.802538367745
2016-02-06,36482.92052629217
2016-02-07,57731.709297556765
2016-02-08,53273.22807395168
2016-02-09,52781.23665185417
2016-02-10,35102.16241131926
2016-02-11,53341.1403285065
2016-02-12,52300.44099201617
2016-02-13,36739.129978613135
2016-02-14,58039.46495000539
2016-02-15,53636.09678413609
2016-02-16,53201.23924515989
2016-02-17,52893.71148230438
2016-02-18,52740.292781656586
2016-02-19,35573.322909279515
2016-02-20,38509.15934589049
2016-02-21,58717.28218954818
2016-02-22,54348.66635656471
2016-02-23,53939.74363583583
2016-02-24,53648.34272111637
2016-02-25,53500.51235974202
2016-02-26,53642.18151463821
2016-02-27,38112.9043486452
2016-02-28,59428.13295043933
2016-02-29,55021.60868880458
2016-03-01,54565.133197855044
2016-03-02,54217.63360547327
2016-03-03,54006.52554766508
2016-03-04,54079.340019634765
2016-03-05,38477.42770113183
2016-03-06,59718.184696475
2016-03-07,37923.35857549126
2016-03-08,55843.49467174487
2016-03-09,54293.78594076316
2016-03-10,54021.35979491821
2016-03-11,54041.030959044176
2016-03-12,38395.809172356225
2016-03-13,59604.509165382966
2016-03-14,55104.04491220314
2016-03-15,54569.10686631403
2016-03-16,54161.13947492061
2016-03-17,53909.62506805921
2016-03-18,53963.6425275008
2016-03-19,38365.51645567746
2016-03-20,59633.00253682293
2016-03-21,55201.602564274704
2016-03-22,37430.239235230525
2016-03-23,55555.00488689178
2016-03-24,54257.33649164985
2016-03-25,54401.612394458876
2016-03-26,38893.046457586956
2016-03-27,60246.797275065146
2016-03-28,55895.78611923973
2016-03-29,55510.47354529056
2016-03-30,55247.94439246432
2016-03-31,55133.304495943274
2016-04-01,55311.35455588525
2016-04-02,39820.35382661086
2016-04-03,61174.3162479134
2016-04-04,56805.42948969128
2016-04-05,56383.85738364706
2016-04-06,56066.83972549897
2016-04-07,55880.09227334574
2016-04-08,55969.47220350862
2016-04-09,40374.721818162456
2016-04-10,61611.73356541822
2016-04-11,57114.92758576273
2016-04-12,56557.003279804194
2016-04-13,38783.946939161826
2016-04-14,56901.09733535769
2016-04-15,55711.58338955301
2016-04-16,39975.9768104037
2016-04-17,61078.666019894816
2016-04-18,56457.018072557665
2016-04-19,55786.49388925595
2016-04-20,55229.62232387893
2016-04-21,54817.2740922662
2016-04-22,54700.20407157425
2016-04-23,38922.67793465843
2016-04-24,60004.62919402868
2016-04-25,55383.94064006684
2016-04-26,54736.11412536408
2016-04-27,54223.246030584814
2016-04-28,53875.314372571585
2016-04-29,53841.74565060131
2016-04-30,38165.07668398924
2016-05-01,59363.1565193957
2016-05-02,54871.48114469687
2016-05-03,54362.9234936887
2016-05-04,53996.77443416948
2016-05-05,53800.09892415168
2016-05-06,53919.3735775292
2016-05-07,38394.21900534064
2016-05-08,59739.67014943203
2016-05-09,55388.57555609176
2016-05-10,55011.38640974829
2016-05-11,54765.24952252263
2016-05-12,54675.40717930491
2016-05-13,54886.86903612051
2016-05-14,39438.16867016511
2016-05-15,60843.64751012761
2016-05-16,56535.856932281655
2016-05-17,56185.33945464453
2016-05-18,55949.70365838797
2016-05-19,55854.99644406699
2016-05-20,56047.33879207357
2016-05-21,40566.6388251011
2016-05-22,61928.82630632626
2016-05-23,57568.20089195067
2016-05-24,57157.156741409104
2016-05-25,56855.19981949041
2016-05-26,56690.26321909058
2016-05-27,56810.28835056959
2016-05-28,41256.887379975786
2016-05-29,62547.53249543091
2016-05-30,58117.865587610155
2016-05-31,57641.39199762356
2016-06-01,57278.47547206812
2016-06-02,57057.64019139884
2016-06-03,57127.147972360544
2016-06-04,41528.665994336974
2016-06-05,62779.47031046699
2016-06-06,58314.778136296394
2016-06-07,57807.47172190881
2016-06-08,57417.12987053538
2016-06-09,57171.371697983246
2016-06-10,57217.47930705605
2016-06-11,41596.113186352624
2016-06-12,62823.5639910389
2016-06-13,58334.13207756626
2016-06-14,57799.89601176891
2016-06-15,57379.78460874457
2016-06-16,57100.95572275254
2016-06-17,57110.44725427631
2016-06-18,41448.91318658275
2016-06-19,62632.88754779435
2016-06-20,58097.16717470694
2016-06-21,57514.57427847208
2016-06-22,57045.01343965784
2016-06-23,56716.826604889015
2016-06-24,56678.4121849358
2016-06-25,40971.92195635966
2016-06-26,62115.479790249876
2016-06-27,57545.514410345604
2016-06-28,56936.468673306954
2016-06-29,56449.80160923075
2016-06-30,56115.28847917957
2016-07-01,56082.586657070366
2016-07-02,40394.88271755576
2016-07-03,61571.06635505632
2016-07-04,57048.02481296493
2016-07-05,56500.32161998731
2016-07-06,56089.17696667217
2016-07-07,55843.75582782559
2016-07-08,55912.73221412465
2016-07-09,40337.94522035759
2016-07-10,61636.59247546995
2016-07-11,57243.554349964
2016-07-12,56831.11209268089
2016-07-13,56557.97632194789
2016-07-14,56450.63080576102
2016-07-15,56654.95851450365
2016-07-16,41209.964018686514
2016-07-17,62630.03609478401
2016-07-18,58347.342048743594
2016-07-19,58031.61503477545
2016-07-20,57839.24890044869
2016-07-21,57794.70365680229
2016-07-22,58042.18682536954
2016-07-23,42619.423162864616
2016-07-24,64039.95525348387
2016-07-25,59735.56534875693
2016-07-26,59376.07887571477
2016-07-27,59118.463588116465
2016-07-28,58988.22721915469
2016-07-29,59131.0789745893
2016-07-30,43586.66777694574
2016-07-31,64870.84047828655
2016-08-01,60418.011444394986
2016-08-02,59900.905226223265
2016-08-03,59479.58782379859
2016-08-04,59182.79112793265
2016-08-05,59159.4977544251
2016-08-06,43452.601154561045
2016-08-07,64581.08625040887
2016-08-08,59982.32398831043
2016-08-09,59331.74349599338
2016-08-10,58791.79917016615
2016-08-11,58393.23894821702
2016-08-12,58286.64243469908
2016-08-13,42516.044973818316
2016-08-14,63601.09382906536
2016-08-15,58979.330500758915
2016-08-16,58325.86313771562
2016-08-17,57802.34634219884
2016-08-18,40124.241031433085
2016-08-19,58517.11991136321
2016-08-20,41677.18084787762
2016-08-21,62839.44131712543
2016-08-22,58304.26782480199
2016-08-23,57743.976113025026
2016-08-24,57317.31951553106
2016-08-25,39736.82458730983
2016-08-26,58225.17254700288
2016-08-27,41475.786835405874
2016-08-28,62721.09804590279
2016-08-29,58259.13830436933
2016-08-30,57760.199261156384
2016-08-31,57381.36960405275
2016-09-01,57147.94322487313
2016-09-02,57205.098065149265
2016-09-03,41591.65811384041
2016-09-04,62822.38119681084
2016-09-05,58330.36325447444
2016-09-06,57786.820007135655
2016-09-07,57350.16060373254
2016-09-08,57047.356858801264
2016-09-09,57025.57426319818
2016-09-10,41325.87859987579
2016-09-11,62465.46234839118
2016-09-12,57879.98326114368
2016-09-13,57243.27779151021
2016-09-14,56716.36579657446
2016-09-15,56328.751942568735
2016-09-16,56229.991767542946
2016-09-17,40463.33790222311
2016-09-18,61547.9121570651
2016-09-19,56920.99719978916
2016-09-20,56257.71162700677
2016-09-21,55719.98573120751
2016-09-22,55337.844004135106
2016-09-23,55260.96266652631
2016-09-24,39532.317776959884
2016-09-25,60670.369400295225
2016-09-26,56111.375062524196
2016-09-27,55529.09554702439
2016-09-28,55083.80935814045
2016-09-29,54803.64072171904
2016-09-30,54836.168079525836
2016-10-01,39222.12717775988
2016-10-02,60477.65269595882
2016-10-03,56036.65007536515
2016-10-04,55570.559041287546
2016-10-05,55237.423636099214
2016-10-06,55063.272214787525
2016-10-07,55193.773072198324
2016-10-08,39667.97867475943
2016-10-09,43686.56828675393
2016-10-10,40444.94427582974
2016-10-11,40030.554625688266
2016-10-12,39735.496020455306
2016-10-13,56899.63531343615
2016-10-14,55906.12562597473
2016-10-15,40377.59557094637
2016-10-16,61694.88046337647
2016-10-17,57291.686103630054
2016-10-18,56839.77238013829
2016-10-19,56497.99571572717
2016-10-20,56293.64993558461
2016-10-21,56374.07266376009
2016-10-22,40780.331893584706
2016-10-23,62029.43759779419
2016-10-24,57556.67129043035
2016-10-25,57035.29658028746
2016-10-26,56625.56731751933
2016-10-27,56356.03875177237
2016-10-28,56375.14945984336
2016-10-29,40724.889162718915
2016-10-30,44608.964366723216
2016-10-31,41225.819189642316
2016-11-01,40665.88585939157
2016-11-02,57538.15425246526
2016-11-03,56108.50227702556
2016-11-04,56108.317472735485
2016-11-05,40444.6610657283
2016-11-06,61634.782700282456
2016-11-07,57113.903280127764
2016-11-08,56554.95134623574
2016-11-09,56117.60338970555
2016-11-10,55829.63219508652
2016-11-11,55838.52955086902
2016-11-12,40185.216975325195
2016-11-13,61386.28813754131
2016-11-14,56876.374557566436
2016-11-15,56327.89619951092
2016-11-16,55900.11208678056
2016-11-17,55620.47488492899
2016-11-18,55636.25578682433
2016-11-19,39988.253487067996
2016-11-20,61193.03119898474
2016-11-21,56685.2736915126
2016-11-22,56137.526456806154
2016-11-23,55709.23271716835
2016-11-24,55428.07285890882
2016-11-25,55441.57330410767
2016-11-26,39790.79929730219
2016-11-27,60992.57623555694
2016-11-28,56481.83215728303
2016-11-29,55931.32407885713
2016-11-30,55500.664385242715
2016-12-01,55217.6522632673
2016-12-02,37915.84425748092
2016-12-03,40712.976167729656
2016-12-04,60780.028141777235
2016-12-05,56269.55377640639
2016-12-06,55719.597068291885
2016-12-07,55289.58665940807
2016-12-08,55007.11385223293
2016-12-09,55019.5495970204
2016-12-10,39367.74950258634
2016-12-11,60568.2909288783
2016-12-12,56055.83405772253
2016-12-13,55502.868791310604
2016-12-14,55068.76275586167
2016-12-15,54781.11441653757
2016-12-16,54787.37760519262
2016-12-17,39128.57113026807
2016-12-18,60321.517223590796
2016-12-19,55801.20053344941
2016-12-20,55240.5094527857
2016-12-21,54799.27512917189
2016-12-22,54505.612361467414
2016-12-23,54507.52901045436
2016-12-24,38846.61803298845
2016-12-25,60040.27643956045
2016-12-26,55524.04351530235
2016-12-27,54971.320789711215
2016-12-28,54542.38984248189
2016-12-29,54265.73290935426
2016-12-30,54289.62366658266
2016-12-31,38655.80302340826
2017-01-01,59881.68488281793
2017-01-02,55402.68478930512
2017-01-03,54891.934424666266
2017-01-04,54509.29839177367
2017-01-05,54282.69846650704
2017-01-06,54359.71276502577
2017-01-07,38781.26457044054
2017-01-08,60063.845539424445
2017-01-09,55641.86581668049
2017-01-10,55187.3934854178
2017-01-11,54859.19913267268
2017-01-12,54684.10993851604
2017-01-13,54808.63987591936
2017-01-14,39272.70984308086
2017-01-15,60591.90148946112
2017-01-16,56199.836299889655
2017-01-17,55767.941424353536
2017-01-18,55454.517146553284
2017-01-19,55286.10959787593
2017-01-20,55408.18350265294
2017-01-21,39861.76376296133
2017-01-22,61162.778152637395
2017-01-23,56745.40354145901
2017-01-24,56281.82154158274
2017-01-25,55931.269716387236
2017-01-26,55721.39228086565
2017-01-27,55799.85669602503
2017-01-28,40208.050095230334
2017-01-29,61463.299731489264
2017-01-30,57001.20973756517
2017-01-31,56495.37670166663
2017-02-01,56106.40023016263
2017-02-02,55863.19361082052
2017-02-03,55914.562168616394
2017-02-04,40302.86441707962
2017-02-05,61546.20129314989
2017-02-06,57080.72677128033
2017-02-07,56580.34323351408
2017-02-08,56205.69848414282
2017-02-09,55985.49005755514
2017-02-10,56068.04474595778
2017-02-11,40494.98856998238
2017-02-12,61783.45237783285
2017-02-13,57368.4060440078
2017-02-14,56922.38410139646
2017-02-15,56604.518948027166
2017-02-16,56441.88634125003
2017-02-17,56581.130008535685
2017-02-18,41062.17936572842
2017-02-19,62400.50419695902
2017-02-20,58029.49787201828
2017-02-21,57620.25051765377
2017-02-22,57330.626882431854
2017-02-23,57186.65226693241
2017-02-24,40020.13888304753
2017-02-25,42947.16309762859
2017-02-26,63137.18365626063
2017-02-27,58741.4200037075
2017-02-28,58296.812958587965
2017-03-01,57961.95576511084
2017-03-02,57763.900780427204
2017-03-03,57849.79602874682
2017-03-04,42260.59997532095
2017-03-05,63513.31817963294
2017-03-06,59043.35363469871
2017-03-07,58524.232867995466
2017-03-08,58116.6236179952
2017-03-09,57849.64892321725
2017-03-10,57872.46502836219
2017-03-11,42227.91812010848
2017-03-12,46120.69196912849
2017-03-13,60064.337459245195
2017-03-14,58387.79477516435
2017-03-15,57970.35373024261
2017-03-16,57707.11964524324
2017-03-17,57747.426752147105
2017-03-18,42133.916817150115
2017-03-19,63384.717202610846
2017-03-20,58935.74698923223
2017-03-21,58460.41470110563
2017-03-22,58118.6244960076
2017-03-23,57938.096254076976
2017-03-24,58065.967089577134
2017-03-25,42542.48893498552
2017-03-26,63883.26665144923
2017-03-27,59521.6287687834
2017-03-28,59128.39271146836
2017-03-29,58860.93958857272
2017-03-30,58744.602148380436
2017-03-31,58924.33159082853
2017-04-01,43438.45610661592
2017-04-02,64800.97391835562
2017-04-03,60443.97139580914
2017-04-04,60037.426761004754
2017-04-05,59738.313350876306
2017-04-06,59572.005186769085
2017-04-07,59683.94998144125
2017-04-08,44113.422190014804
2017-04-09,65375.79893228956
2017-04-10,60904.94972137093
2017-04-11,60373.0011819797
2017-04-12,59939.39168010592
2017-04-13,59632.21983129198
2017-04-14,42284.45959199739
2017-04-15,45016.4570082587
2017-04-16,65000.8939030712
2017-04-17,60392.44611370648
2017-04-18,59731.65749600454
2017-04-19,59180.78075319997
2017-04-20,58770.49283413516
2017-04-21,58651.44164924652
2017-04-22,42867.87493494026
2017-04-23,63939.79729183358
2017-04-24,59305.24939241975
2017-04-25,58639.97338026438
2017-04-26,58106.381924780195
2017-04-27,57734.83707293225
2017-04-28,57675.20722534215
2017-04-29,41970.51776131371
2017-04-30,63139.14069881606
2017-05-01,58617.11645801494
2017-05-02,58077.870562869895
2017-05-03,57681.24132795428
2017-05-04,57454.823069047925
2017-05-05,57545.59141768977
2017-05-06,41993.62442405449
2017-05-07,63314.362951086
2017-05-08,58941.0015552356
2017-05-09,58544.27087602652
2017-05-10,58281.52588225948
2017-05-11,58178.14297024546
2017-05-12,58379.191153237225
2017-05-13,42923.18991929625
2017-05-14,47010.363199807965
2017-05-15,61149.77766171767
2017-05-16,59665.973271661496
2017-05-17,59434.02880978184
2017-05-18,59345.1270356718
2017-05-19,59545.05893944308
2017-05-20,44073.38246865152
2017-05-21,65445.667944515124
2017-05-22,61095.85713490478
2017-05-23,60695.99826728343
2017-05-24,60405.27301446465
2017-05-25,60251.320503645016
2017-05-26,60381.82595141596
2017-05-27,44838.189102009674
2017-05-28,66137.71789097034
2017-05-29,61715.94081172421
2017-05-30,61246.30158408047
2017-05-31,60889.15326459316
2017-06-01,60673.0577189422
2017-06-02,60746.35866370625
2017-06-03,45150.84378313026
2017-06-04,66403.94138071935
2017-06-05,61941.044796501315
2017-06-06,61435.22766292497
2017-06-07,61046.26635289626
2017-06-08,60801.97451797641
2017-06-09,60849.816697978546
2017-06-10,45230.61511505291
2017-06-11,66460.79359644953
2017-06-12,61974.75026422379
2017-06-13,61444.620443846274
2017-06-14,61029.34454603938
2017-06-15,60756.044289492944
2017-06-16,60771.672834297846
2017-06-17,45116.75168516696
2017-06-18,66307.6372568738
2017-06-19,61778.90791644552
2017-06-20,61203.13239073781
2017-06-21,60739.93400323446
2017-06-22,60417.35410574307
2017-06-23,60383.480556666844
2017-06-24,44680.154670714925
2017-06-25,65825.20035887674
2017-06-26,61254.76734473792
2017-06-27,60643.05062526543
2017-06-28,60151.30209502301
2017-06-29,59809.13928454682
2017-06-30,59766.11873600974
2017-07-01,44065.38914617082
2017-07-02,65225.86968803687
2017-07-03,60684.54702253732
2017-07-04,60116.15468018258
2017-07-05,59682.1520838989
2017-07-06,59412.0093136661
2017-07-07,59454.64783976958
2017-07-08,43852.44405039188
2017-07-09,65123.05924656934
2017-07-10,60701.87177030525
2017-07-11,60261.68364974812
2017-07-12,59961.73669128297
2017-07-13,59829.04328011218
2017-07-14,60009.999218353
2017-07-15,44544.09303116785
2017-07-16,65946.15596166404
2017-07-17,61648.74451332738
2017-07-18,61321.91714796441
2017-07-19,61122.319971624296
2017-07-20,61074.58477164869
2017-07-21,61323.00487781166
2017-07-22,45905.30151611122
2017-07-23,67334.92325968052
2017-07-24,63043.4690088316
2017-07-25,62700.49491447327
2017-07-26,62462.61914914442
2017-07-27,62354.927256285104
2017-07-28,45208.6100086643
2017-07-29,48139.44402184969
2017-07-30,68316.90523597889
2017-07-31,63892.53462647893
2017-08-01,63403.87886333546
2017-08-02,63010.39460788029
2017-08-03,62740.222555816494
2017-08-04,62741.78646584458
2017-08-05,47057.466663469684
2017-08-06,68205.79291013414
2017-08-07,63623.74973292176
2017-08-08,62986.4575998023
2017-08-09,62456.14704393962
2017-08-10,62063.43180806585
2017-08-11,61958.849556041474
2017-08-12,46186.48618017615
2017-08-13,67266.12986494393
2017-08-14,62635.54899990303
2017-08-15,61970.15802051116
2017-08-16,61431.98865492496
2017-08-17,61050.97269242743
2017-08-18,60976.50453436388
2017-08-19,45251.09894799707
2017-08-20,66392.58927071419
2017-08-21,61836.4589646296
2017-08-22,61255.56915972308
2017-08-23,60809.19801807533
2017-08-24,60524.39622445547
2017-08-25,60547.62494302522
2017-08-26,44918.48967679637
2017-08-27,66152.01328824769
2017-08-28,61681.03913577722
2017-08-29,61176.02511966867
2017-08-30,60794.14276991262
2017-08-31,60560.684175306975
2017-09-01,60620.74181592038
2017-09-02,45012.97372442568
2017-09-03,66251.89650927961
2017-09-04,61770.29677766701
2017-09-05,61239.02164762006
2017-09-06,60816.06269370275
2017-09-07,60527.9366429833
2017-09-08,60521.32869116649
2017-09-09,44836.81193594981
2017-09-10,65991.08676681253
2017-09-11,61419.332250563435
2017-09-12,60794.93185681127
2017-09-13,60278.48963024668
2017-09-14,59899.14194598828
2017-09-15,59806.13254643149
2017-09-16,44042.46614486316
2017-09-17,65127.08613248576
2017-09-18,60497.16999370085
2017-09-19,59827.80616398479
2017-09-20,59280.969617621944
2017-09-21,41572.76904306261
2017-09-22,59929.731557475694
2017-09-23,43049.28782973508
2017-09-24,64167.93155117206
2017-09-25,59587.70805393303
2017-09-26,58982.768934818494
2017-09-27,41199.77796690797
2017-09-28,42029.926211522965
2017-09-29,42038.07008386718
2017-09-30,43713.97982215877
2017-10-01,46497.54613393788
2017-10-02,60482.897758515406
2017-10-03,58861.47565220801
2017-10-04,58509.37097455692
2017-10-05,58318.317144671746
2017-10-06,58434.198708220094
2017-10-07,42896.226964628346
2017-10-08,64219.21382093713
2017-10-09,59835.96978904464
2017-10-10,59417.08708630535
2017-10-11,59120.022317040835
2017-10-12,58970.48204546399
2017-10-13,59114.076986896136
2017-10-14,43590.058039283336
2017-10-15,64913.577595847615
2017-10-16,60518.067665885705
2017-10-17,60074.996537097286
2017-10-18,59742.91938963006
2017-10-19,42234.79401396335
2017-10-20,43460.29286906319
2017-10-21,45191.07067326203
2017-10-22,65315.807667975656
2017-10-23,60852.71094398157
2017-10-24,60340.2716530974
2017-10-25,59938.57007224213
2017-10-26,59676.02419030589
2017-10-27,59700.97293188037
2017-10-28,44055.34412613448
2017-10-29,65256.85242312525
2017-10-30,60741.32024932061
2017-10-31,60182.3848637179
2017-11-01,59740.50798430933
2017-11-02,59444.29312638928
2017-11-03,59442.07800232854
2017-11-04,43775.616578557616
2017-11-05,64962.295325553
2017-11-06,60437.47598027221
2017-11-07,59874.22703469409
2017-11-08,59432.35952282268
2017-11-09,59139.77133354118
2017-11-10,59144.066494998995
2017-11-11,43486.26316395086
2017-11-12,64683.03405786924
2017-11-13,60169.070944155144
2017-11-14,59616.83480311239
2017-11-15,59185.60676784115
2017-11-16,58902.84373735178
2017-11-17,58915.80492235246
2017-11-18,43265.26301758298
2017-11-19,64467.743843641336
2017-11-20,59957.88631284702
2017-11-21,59408.18470081882
2017-11-22,58978.02879996601
2017-11-23,58695.04641195989
2017-11-24,58706.71506696059
2017-11-25,43054.057334447876
2017-11-26,64253.864256234316
2017-11-27,59741.03943869078
2017-11-28,59188.326434675575
2017-11-29,58755.33558653195
2017-11-30,58469.87530704787
2017-12-01,58479.55511255702
2017-12-02,42825.4750911898
2017-12-03,46710.41331805335
2017-12-04,60645.90140155825
2017-12-05,58958.79792255346
2017-12-06,58526.3040436679
2017-12-07,40927.45411100642
2017-12-08,59386.319295305766
2017-12-09,42597.98755608067
2017-12-10,63796.78078911594
2017-12-11,59282.79749237245
2017-12-12,58728.5164513369
2017-12-13,58293.278706885845
2017-12-14,58004.640277196
2017-12-15,58009.9969488207
2017-12-16,42350.29482211114
2017-12-17,63542.27035563448
2017-12-18,59020.811586128446
2017-12-19,58458.70225282469
2017-12-20,58015.664093169216
2017-12-21,57719.701413038565
2017-12-22,57718.71443749269
2017-12-23,42054.1954350499
2017-12-24,63243.45174546131
2017-12-25,58721.94793531321
2017-12-26,58163.02940791281
2017-12-27,57726.943419237396
2017-12-28,57442.16233435342
2017-12-29,57456.97639068223
2017-12-30,41813.17070237838
2017-12-31,63028.231394066504
2018-01-01,58537.67373775502
2018-01-02,58014.755234869575
2018-01-03,57619.49009484647
2018-01-04,57379.97033113048
2018-01-05,57443.96099093942
2018-01-06,41852.58436017297
2018-01-07,63122.53798507653
2018-01-08,58688.439182962626
2018-01-09,58222.5586301257
2018-01-10,57883.858980623976
2018-01-11,57699.34310536047
2018-01-12,57815.67872275478
2018-01-13,42272.91342193501
2018-01-14,63586.724010710044
2018-01-15,41876.758687206224
2018-01-16,59891.13122981905
2018-01-17,58442.32938923554
2018-01-18,58274.569448989416
2018-01-19,58399.624254039765
2018-01-20,42857.41154063601
2018-01-21,64163.687810154996
2018-01-22,59752.42742761443
2018-01-23,59295.58326533998
2018-01-24,58952.14379905764
2018-01-25,58749.49043445726
2018-01-26,58835.02128638725
2018-01-27,43249.85515143675
2018-01-28,64511.059647425674
2018-01-29,60053.99558841056
2018-01-30,59552.03987241087
2018-01-31,59165.6028310462
2018-02-01,58923.44494407179
2018-02-02,58974.26031679823
2018-02-03,43360.341854315215
2018-02-04,64599.77327841362
2018-02-05,60128.74117628865
2018-02-06,59621.23038808195
2018-02-07,59238.01959202491
2018-02-08,59007.982748777176
2018-02-09,59079.66438613262
2018-02-10,43494.944043082774
2018-02-11,64771.23519531617
2018-02-12,60343.811803604774
2018-02-13,42571.492302596365
2018-02-14,60690.3949714032
2018-02-15,59382.11682890991
2018-02-16,59511.331423477444
2018-02-17,43983.68113070995
2018-02-18,65314.88163381192
2018-02-19,60938.53232213004
2018-02-20,60525.88266786946
2018-02-21,60234.904507844905
2018-02-22,60091.67378542494
2018-02-23,60242.02748260391
2018-02-24,44725.30872967317
2018-02-25,66056.64306741202
2018-02-26,61669.336710454685
2018-02-27,61234.65767661449
2018-02-28,60910.91416427419
2018-03-01,43410.80017855254
2018-03-02,61957.771627582115
2018-03-03,45246.61323247262
2018-03-04,66511.66793859744
2018-03-05,62053.38171320074
2018-03-06,61544.899063346085
2018-03-07,61146.52668468286
2018-03-08,60887.058171571596
2018-03-09,60915.36186391614
2018-03-10,45274.04655277749
2018-03-11,66481.65007615899
2018-03-12,61974.94397838272
2018-03-13,61428.61762701431
2018-03-14,61004.25883607307
2018-03-15,60731.63695206377
2018-03-16,60760.25674411117
2018-03-17,45132.99894009901
2018-03-18,66368.29323013447
2018-03-19,61902.41752008662
2018-03-20,61409.187133781816
2018-03-21,61048.951036599734
2018-03-22,60849.9007628921
2018-03-23,60959.659860867614
2018-03-24,45418.96881735799
2018-03-25,66743.91025194986
2018-03-26,62368.26682875079
2018-03-27,61963.274087736805
2018-03-28,61686.683612336616
2018-03-29,61564.14045295498
2018-03-30,61740.84079359278
2018-03-31,46255.28298840286
2018-04-01,67621.55495951208
2018-04-02,63271.74869562884
2018-04-03,62875.76248125799
2018-04-04,62590.40488120185
2018-04-05,62440.803228603
2018-04-06,62572.081685604826
2018-04-07,47023.121365870524
2018-04-08,68308.84517240738
2018-04-09,63862.618063142945
2018-04-10,63356.02365947572
2018-04-11,62947.93181551258
2018-04-12,62665.86078021054
2018-04-13,62657.60017663717
2018-04-14,46964.90867958609
2018-04-15,68105.73064038658
2018-04-16,63516.52412547627
2018-04-17,62871.96314958551
2018-04-18,62333.93064866408
2018-04-19,61932.80776192574
2018-04-20,61819.02753930971
2018-04-21,46036.70875466349
2018-04-22,67105.81572757903
2018-04-23,62464.438085449605
2018-04-24,61788.45448410853
2018-04-25,61240.497806417625
2018-04-26,60851.22809408356
2018-04-27,60770.881709219975
2018-04-28,45042.91246841539
2018-04-29,66186.17039823324
2018-04-30,61637.21147978429
2018-05-01,61070.00154362297
2018-05-02,60644.93070809788
2018-05-03,60390.14325515015
2018-05-04,60453.14987754835
2018-05-05,44874.536326537636
2018-05-06,66170.21228594214
2018-05-07,61773.79196389509
2018-05-08,61356.36768198396
2018-05-09,61075.59102387128
2018-05-10,60957.06470381674
2018-05-11,61146.01050406498
2018-05-12,45681.02591360549
2018-05-13,67076.3721273613
2018-05-14,62764.383986113266
2018-05-15,62415.26251116363
2018-05-16,62186.164265698964
2018-05-17,62102.590678192966
2018-05-18,62310.04295556919
2018-05-19,46847.75578782445
2018-05-20,68230.95334702077
2018-05-21,63893.219251978684
2018-05-22,63506.242456572596
2018-05-23,63228.854771552964
2018-05-24,63088.364764508784
2018-05-25,63232.155354433395
2018-05-26,47701.36002673281
2018-05-27,69013.06287507043
2018-05-28,64602.61577792339
2018-05-29,64143.336188337635
2018-05-30,63795.50260842066
2018-05-31,63587.653655066824
2018-06-01,63668.158966051094
2018-06-02,48078.87754412542
2018-06-03,69337.34914445267
2018-06-04,64879.1121238516
2018-06-05,64377.411054229466
2018-06-06,63992.210714066
2018-06-07,63751.52164139174
2018-06-08,63803.004531702216
2018-06-09,48187.66789860406
2018-06-10,69422.10324933832
2018-06-11,64940.84970392272
2018-06-12,64416.149782363165
2018-06-13,64007.01135556227
2018-06-14,63740.57933379211
2018-06-15,63763.78282364538
2018-06-16,48117.07072767666
2018-06-17,69316.67873983545
2018-06-18,64797.01856030509
2018-06-19,64230.450171250486
2018-06-20,63776.35153808166
2018-06-21,63462.488950511135
2018-06-22,63436.6536596143
2018-06-23,47740.3779962323
2018-06-24,68891.17441955727
2018-06-25,64324.88908355544
2018-06-26,63715.431774215336
2018-06-27,63223.797814143494
2018-06-28,62879.38656323312
2018-06-29,62831.58372829479
2018-06-30,47123.422321788275
2018-07-01,68273.76741988862
2018-07-02,63719.61800740512
2018-07-03,63135.789409954945
2018-07-04,62683.89345454933
2018-07-05,62393.62238272748
2018-07-06,62414.30493449185
2018-07-07,46788.55041732785
2018-07-08,68034.42662766881
2018-07-09,63587.76534399236
2018-07-10,63121.85902634322
2018-07-11,62796.465690725585
2018-07-12,62639.127508269965
2018-07-13,62796.77077666796
2018-07-14,47309.40203753343
2018-07-15,68692.34491494972
2018-07-16,64378.60989382558
2018-07-17,64038.658997148785
2018-07-18,63829.480531715526
2018-07-19,63775.977573981116
2018-07-20,64022.63594421088
2018-07-21,48607.284569733834
2018-07-22,70043.3910231773
2018-07-23,65762.48279648703
2018-07-24,65433.95479226188
2018-07-25,65214.17694573687
2018-07-26,65127.904652200945
2018-07-27,65319.95703902871
2018-07-28,49828.97558297878
2018-07-29,71169.70578171946
2018-07-30,66775.39268906061
2018-07-31,66317.55136655949
2018-08-01,65955.02704193145
2018-08-02,65715.34881325625
2018-08-03,65746.34335409083
2018-08-04,50089.822755436966
2018-08-05,71263.79102028147
2018-08-06,66704.7619526586
2018-08-07,66087.45149812706
2018-08-08,65573.76134951302
2018-08-09,65194.05964305341
2018-08-10,65098.72709753423
2018-08-11,49331.78448672218
2018-08-12,70413.04752810283
2018-08-13,65780.4032642058
2018-08-14,65109.47206172177
2018-08-15,64562.572814291365
2018-08-16,64169.99763006514
2018-08-17,64081.564483186536
2018-08-18,48340.263516659776
2018-08-19,69464.4425497739
2018-08-20,64890.12502790507
2018-08-21,64290.72341386248
2018-08-22,63826.06422518798
2018-08-23,63523.72939905601
2018-08-24,63530.68069171364
2018-08-25,47886.98090032916
2018-08-26,51794.02226781742
2018-08-27,65761.6508862291
2018-08-28,64114.795317541415
2018-08-29,63728.542039167165
2018-08-30,63493.72201010708
2018-08-31,63555.44706353788
2018-09-01,47952.31047237494
2018-09-02,69198.68260032983
2018-09-03,64727.127054090044
2018-09-04,64208.197880480395
2018-09-05,63799.531955617174
2018-09-06,63527.2396412069
2018-09-07,63537.559297568856
2018-09-08,47870.588841669305
2018-09-09,69042.53785856742
2018-09-10,64488.091962571685
2018-09-11,63880.1514081295
2018-09-12,63378.85971800425
2018-09-13,63012.927143219116
2018-09-14,62931.21635571431
2018-09-15,47176.40539161503
2018-09-16,68267.17315701663
2018-09-17,63640.50091696619
2018-09-18,62971.35337033362
2018-09-19,62421.656514892224
2018-09-20,62021.57835446289
2018-09-21,61921.08085119627
2018-09-22,46163.55889097259
2018-09-23,67268.01204712824
2018-09-24,62671.342758354636
2018-09-25,62048.04443377915
2018-09-26,61559.19632589136
2018-09-27,61233.7705967135
2018-09-28,61220.21911618025
2018-09-29,45560.15468138064
2018-09-30,66770.57118651894
2018-10-01,62286.19496061144
2018-10-02,61779.22928731306
2018-10-03,61408.4073917151
2018-10-04,61200.35774902144
2018-10-05,61301.24771442762
2018-10-06,45750.51869470895
2018-10-07,67063.15603359659
2018-10-08,62672.08461710944
2018-10-09,62247.95117833579
2018-10-10,44634.17453293576
2018-10-11,62933.0645596366
2018-10-12,61944.32272401779
2018-10-13,46424.765503080955
2018-10-14,67754.77533057421
2018-10-15,63367.54394551037
2018-10-16,45620.238341819524
2018-10-17,46433.75725462897
2018-10-18,46251.62882546704
2018-10-19,46355.15590780245
2018-10-20,48098.85761359371
2018-10-21,68236.56194080264
2018-10-22,63786.20714062549
2018-10-23,63286.03979154933
2018-10-24,62895.92479309557
2018-10-25,62644.097821420735
2018-10-26,62678.75129535099
2018-10-27,47041.70393136911
2018-10-28,68250.5990942738
2018-10-29,63741.22507579461
2018-10-30,63187.22043388157
2018-10-31,62749.080963306005
2018-11-01,62455.47356453977
2018-11-02,62454.82450615587
2018-11-03,46788.99683765904
2018-11-04,67975.50165837158
2018-11-05,63449.83573681443
2018-11-06,62885.207865925826
2018-11-07,45127.53647139224
2018-11-08,45967.487204066645
2018-11-09,45969.62862934072
2018-11-10,47623.69289150009
2018-11-11,67683.82199532486
2018-11-12,63167.95457157733
2018-11-13,62614.05159255091
2018-11-14,62181.44001364604
2018-11-15,61897.60350013212
2018-11-16,61909.809832624465
2018-11-17,46258.82359086297
2018-11-18,67461.14786857847
2018-11-19,62951.386768689415
2018-11-20,62401.990539740305
2018-11-21,61972.298802032936
2018-11-22,61689.88618827061
2018-11-23,61702.17715550843
2018-11-24,46050.14420698908
2018-11-25,67250.53394016638
2018-11-26,62738.21335521221
2018-11-27,62185.89897164946
2018-11-28,61753.184860106165
2018-11-29,61467.87452629664
2018-11-30,61477.58394235244
2018-12-01,45823.4304171117
2018-12-02,67022.25206708252
2018-12-03,45194.917333518715
2018-12-04,63090.7847726344
2018-12-05,61523.576388227666
2018-12-06,61238.69757920175
2018-12-07,61249.03209300982
2018-12-08,45595.499860877724
2018-12-09,66794.7239197389
2018-12-10,62281.3869516432
2018-12-11,61727.974474677714
2018-12-12,61293.82014536275
2018-12-13,61006.457325375566
2018-12-14,61013.243321196875
2018-12-15,45355.07002595782
2018-12-16,66548.60473160222
2018-12-17,62028.652782863945
2018-12-18,61467.90377586684
2018-12-19,61025.97651439236
2018-12-20,60730.76675221478
2018-12-21,60730.06413366759
2018-12-22,45065.252196969224
2018-12-23,66253.5354702657
2018-12-24,61730.285717382256
2018-12-25,61168.76953003851
2018-12-26,60729.17306985303
2018-12-27,60439.928655078445
2018-12-28,60449.31032575321
2018-12-29,44799.113004251005
2018-12-30,66006.8600404106
2018-12-31,61508.13193659409
2019-01-01,60976.27914246693
2019-01-02,60571.435345750535
2019-01-03,60321.83648341996
2019-01-04,60375.41302254396
2019-01-05,44773.47041517738
2019-01-06,66032.90265880003
2019-01-07,61588.53175019313
2019-01-08,61112.83575994198
2019-01-09,60764.98163738541
2019-01-10,60572.16750723806
2019-01-11,60681.241409041795
2019-01-12,45132.41066362846
2019-01-13,66441.48598066685
2019-01-14,62042.252199919036
2019-01-15,44292.19422822785
2019-01-16,62426.29088918232
2019-01-17,61125.22766990354
2019-01-18,61253.022677893445
2019-01-19,45714.94049960664
2019-01-20,67026.61087780276
2019-01-21,62621.845377382895
2019-01-22,62172.4017432388
2019-01-23,61837.045750480866
2019-01-24,61642.91420890596
2019-01-25,61737.145199364524
2019-01-26,46160.58910967497
2019-01-27,67430.0442493136
2019-01-28,62980.60890100579
2019-01-29,62485.41186372581
2019-01-30,62104.637211316556
2019-01-31,61866.84794531792
2019-02-01,61920.575726846
2019-02-02,46307.9914215137
2019-02-03,67547.10142846633
2019-02-04,63074.06283278724
2019-02-05,62562.88057260614
2019-02-06,62174.403400266485
2019-02-07,61937.62425955535
2019-02-08,62001.253061555515
2019-02-09,46407.37722357756
2019-02-10,67673.65537747527
2019-02-11,63235.63751652397
2019-02-12,62766.47478099028
2019-02-13,62425.93544827063
2019-02-14,62241.73231432873
2019-02-15,62361.128802571504
2019-02-16,46824.638319275145
2019-02-17,68148.2612432612
2019-02-18,63765.851649157106
2019-02-19,63348.8756783749
2019-02-20,63055.47675592145
2019-02-21,62911.85142760497
2019-02-22,63063.90174012792
2019-02-23,47550.97730606794
2019-02-24,68888.15014413426
2019-02-25,64508.61321307848
2019-02-26,64083.46352726219
2019-02-27,63770.78420995845
2019-02-28,63597.02863141692
2019-03-01,63708.6721591518
2019-03-02,48145.944518269534
2019-03-03,69425.08596389176
2019-03-04,47666.68533388968
2019-03-05,65620.15906281208
2019-03-06,64099.63355102369
2019-03-07,63851.26338933792
2019-03-08,63889.01358408959
2019-03-09,48255.193753057225
2019-03-10,69468.09093374155
2019-03-11,64964.282308375936
2019-03-12,64418.32596939865
2019-03-13,63991.74656670669
2019-03-14,63714.321622308475
2019-03-15,63735.63676085064
2019-03-16,48098.72558187417
2019-03-17,69322.24003239725
2019-03-18,64842.7450798301
2019-03-19,64334.40148647915
2019-03-20,46643.920684999845
2019-03-21,64876.5952083243
2019-03-22,63834.719907352075
2019-03-23,48277.24747651287
2019-03-24,69586.1847401816
2019-03-25,65195.79603193551
2019-03-26,64777.7781168436
2019-03-27,64490.31082400719
2019-03-28,64359.422623559345
2019-03-29,64530.637460943515
2019-03-30,49042.716275534855
2019-03-31,70409.93646300976
2019-04-01,66064.50024811945
2019-04-02,65676.33277788856
2019-04-03,65402.18408728279
2019-04-04,65267.03775764732
2019-04-05,65415.79134993978
2019-04-06,49887.021056113896
2019-04-07,71195.27311820941
2019-04-08,66773.47256742477
2019-04-09,66292.70998781161
2019-04-10,65911.32066457035
2019-04-11,65656.25945379544
2019-04-12,65674.7372696869
2019-04-13,50007.932721232166
2019-04-14,53859.189564304965
2019-04-15,67741.08964093815
2019-04-16,65982.01090899698
2019-04-17,65461.1150432274
2019-04-18,65073.83121575804
2019-04-19,64970.27744563532
2019-04-20,49194.336862701486
2019-04-21,70265.82300238713
2019-04-22,65622.76290103773
2019-04-23,64941.061931146905
2019-04-24,64383.46787638518
2019-04-25,63980.84054346702
2019-04-26,63883.695505916796
2019-04-27,48135.83787860265
2019-04-28,69256.5319783285
2019-04-29,64682.800490739646
2019-04-30,64089.116594729974
2019-05-01,63636.405759801535
2019-05-02,63353.36245011362
2019-05-03,63388.04902561322
2019-05-04,47781.59122223775
2019-05-05,69050.41438675702
2019-05-06,64628.6122856413
2019-05-07,64187.71007169404
2019-05-08,63885.73623819266
2019-05-09,63748.60694661199
2019-05-10,63921.78825479767
2019-05-11,48444.049002136795
2019-05-12,69829.74707922777
2019-05-13,65511.239673974684
2019-05-14,65158.67810097776
2019-05-15,64929.10134448391
2019-05-16,64847.83129636032
2019-05-17,65060.1351142615
2019-05-18,49604.96766003606
2019-05-19,70997.23724382611
2019-05-20,66670.18604365159
2019-05-21,66295.14683849645
2019-05-22,66030.59144026482
2019-05-23,65903.47524408477
2019-05-24,66060.84490269443
2019-05-25,50543.523759229996
2019-05-26,71868.31998293402
2019-05-27,67470.35049156676
2019-05-28,67022.74395633278
2019-05-29,66685.63982830108
2019-05-30,66487.4892110921
2019-05-31,66576.6258012074
2019-06-01,50994.92252188914
2019-06-02,72259.97953562395
2019-06-03,67807.43718605764
2019-06-04,67310.67734931601
2019-06-05,66929.83002849697
2019-06-06,66693.09062756946
2019-06-07,66748.31546832348
2019-06-08,51136.71026711904
2019-06-09,72375.05612892943
2019-06-10,67898.06529449607
2019-06-11,67378.12866144456
2019-06-12,66974.37035230371
2019-06-13,66714.01315394713
2019-06-14,66744.0207738835
2019-06-15,51104.83006156954
2019-06-16,72312.6162738321
2019-06-17,67801.68228376143
2019-06-18,67244.23259544245
2019-06-19,66799.44649693718
2019-06-20,66494.8534789058
2019-06-21,66477.97643649491
2019-06-22,50790.05565490897
2019-06-23,71948.29679872375
2019-06-24,67388.23422875111
2019-06-25,66783.47120804568
2019-06-26,66294.71228160865
2019-06-27,65951.09213676359
2019-06-28,65901.76783426368
2019-06-29,50189.588936302214
2019-06-30,71333.2903855872
2019-07-01,66769.80115392785
2019-07-02,66173.9319275071
2019-07-03,65707.35877744229
2019-07-04,65399.90869855565
2019-07-05,65401.11534283602
2019-07-06,49753.86073014729
2019-07-07,70976.54882602188
2019-07-08,66505.40478849255
2019-07-09,66014.16365565654
2019-07-10,65663.06563321268
2019-07-11,65480.163768082566
2019-07-12,65612.9119359207
2019-07-13,50101.84822624519
2019-07-14,71462.81864028526
2019-07-15,67129.33367078735
2019-07-16,66772.32008396875
2019-07-17,66549.18342623328
2019-07-18,66485.18526960113
2019-07-19,66725.1012600831
2019-07-20,51306.97315434036
2019-07-21,72744.39787421207
2019-07-22,68468.94433436778
2019-07-23,68149.95866719571
2019-07-24,67943.6718410848
2019-07-25,67874.61237064055
2019-07-26,68087.28911860695
2019-07-27,52619.956591129296
2019-07-28,73986.90527717725
2019-07-29,69620.86762908351
2019-07-30,69192.80047569997
2019-07-31,68860.95835529671
2019-08-01,68652.26127018496
2019-08-02,68713.92295642631
2019-08-03,53087.15342788629
2019-08-04,74289.37992887042
2019-08-05,69756.5786610642
2019-08-06,69162.97998171193
2019-08-07,68670.0635517869
2019-08-08,68307.8489595986
2019-08-09,68226.4499143314
2019-08-10,52469.707692389486
2019-08-11,73557.34976661646
2019-08-12,68927.2676015243
2019-08-13,68255.17770795587
2019-08-14,67703.58357435622
2019-08-15,49989.01162631548
2019-08-16,68338.2874184065
2019-08-17,51449.015129713254
2019-08-18,72557.73445122637
2019-08-19,67966.40975342804
2019-08-20,67348.98841881873
2019-08-21,66865.84680302606
2019-08-22,66545.11728158504
2019-08-23,66534.29843819686
2019-08-24,50873.96255377751
2019-08-25,72080.00433265329
2019-08-26,67586.0224418818
2019-08-27,67063.09519972153
2019-08-28,66668.8650005337
2019-08-29,66428.93462616626
2019-08-30,66488.5407490705
2019-08-31,50886.31717693341
2019-09-01,72136.59038002139
2019-09-02,67671.79772819666
2019-09-03,67162.28890336574
2019-09-04,66765.4245014925
2019-09-05,66506.97471360354
2019-09-06,66532.78344478243
2019-09-07,50882.51078822811
2019-09-08,72071.8970594851
2019-09-09,67535.13976185618
2019-09-10,66944.64514198336
2019-09-11,66460.06975782123
2019-09-12,66109.65653328988
2019-09-13,66041.83237202094
2019-09-14,50298.882045072445
2019-09-15,71399.14338821264
2019-09-16,66779.31699396769
2019-09-17,66114.15380566809
2019-09-18,65565.43767373558
2019-09-19,65163.26882941243
2019-09-20,65057.61663969219
2019-09-21,49291.9574210559
2019-09-22,70385.44316278098
2019-09-23,65775.19488876178
2019-09-24,65135.984330163425
2019-09-25,64629.2209499328
2019-09-26,64284.24997907134
2019-09-27,64249.929264728635
2019-09-28,48568.29990159458
2019-09-29,69756.7954685953
2019-09-30,65250.5823850367
2019-10-01,64722.293691970015
2019-10-02,64331.071822230275
2019-10-03,64103.92447289226
2019-10-04,64187.35981030705
2019-10-05,48621.1144267422
2019-10-06,52606.384160650254
2019-10-07,49338.91325668762
2019-10-08,48906.31445135147
2019-10-09,48600.67427552671
2019-10-10,65761.68118676599
2019-10-11,64772.15245938704
2019-10-12,49254.23790376149
2019-10-13,70588.16876256424
2019-10-14,66206.94178078248
2019-10-15,65781.52505266928
2019-10-16,65469.92398943031
2019-10-17,65298.546291898136
2019-10-18,65413.83234530162
2019-10-19,49855.96501849814
2019-10-20,71141.10311309739
2019-10-21,66703.73081577092
2019-10-22,66216.38571029481
2019-10-23,65838.6815547873
2019-10-24,65598.63094338943
2019-10-25,65644.23541422846
2019-10-26,50017.1580322164
2019-10-27,53920.89039514364
2019-10-28,50553.771541363996
2019-10-29,50006.23345517883
2019-10-30,49573.32961230988
2019-10-31,66597.78631227295
2019-11-01,65465.45477825227
2019-11-02,49801.44401491719
2019-11-03,70988.8045034621
2019-11-04,66463.15423371983
2019-11-05,65897.83491400532
2019-11-06,65452.9376487901
2019-11-07,65156.63760500745
2019-11-08,65156.80440590327
2019-11-09,49494.70224058997
2019-11-10,70687.22364059596
2019-11-11,66169.24869883861
2019-11-12,65613.39145764089
2019-11-13,65179.04862262827
2019-11-14,64893.75449651465
2019-11-15,64904.80833669961
2019-11-16,49252.9877242774
2019-11-17,70454.79163508667
2019-11-18,65944.80487688807
2019-11-19,65395.445651875285
2019-11-20,64966.0115754362
2019-11-21,64684.028350011875
2019-11-22,64696.867718581605
2019-11-23,49045.44880525616
2019-11-24,70246.46713095834
2019-11-25,65734.74362118288
2019-11-26,65182.95604684802
2019-11-27,64750.668918511656
2019-11-28,64465.6666998208
2019-11-29,64475.55759118802
2019-11-30,48821.462549613985
2019-12-01,70020.23430884608
2019-12-02,65506.799090018816
2019-12-03,47639.85048464394
2019-12-04,65655.6092403348
2019-12-05,64236.00100980832
2019-12-06,64246.24747947623
2019-12-07,48592.74666836474
2019-12-08,69792.16037181755
2019-12-09,65279.20290489215
2019-12-10,64726.381730553454
2019-12-11,64293.04052209578
2019-12-12,64006.70891664645
2019-12-13,64014.72545845307
2019-12-14,48357.94753324863
2019-12-15,69552.99211197445
2019-12-16,65034.599003866584
2019-12-17,64475.37832425072
2019-12-18,64034.857368939134
2019-12-19,63740.830876734195
2019-12-20,63740.98102253342
2019-12-21,48076.580914080056
2019-12-22,69264.72551183961
2019-12-23,64740.6819042588
2019-12-24,64177.62099790684
2019-12-25,63735.6462832201
2019-12-26,63443.124224847874
2019-12-27,63448.283268629995
2019-12-28,47792.89594798995
2019-12-29,68994.48875662696
2019-12-30,64488.672479496505
2019-12-31,63948.85578736364
2020-01-01,63535.2584628819
2020-01-02,63276.229449426566
2020-01-03,63319.83726985296
2020-01-04,47707.54774362402
2020-01-05,68956.43399006841
2020-01-06,64501.51158889675
2020-01-07,64015.46173477126
2020-01-08,63657.65862862298
2020-01-09,63455.50602042861
2020-01-10,63556.05002131826
2020-01-11,47999.68254903188
2020-01-12,69302.37970292145
2020-01-13,64898.06714391436
2020-01-14,64458.374438447405
2020-01-15,64141.69367444036
2020-01-16,63974.54630096231
2020-01-17,64103.224349115815
2020-01-18,48567.51946786349
2020-01-19,69882.98320410504
2020-01-20,65483.30982475552
2020-01-21,65040.102979426745
2020-01-22,64711.94099080632
2020-01-23,64525.74436296886
2020-01-24,64628.41147697495
2020-01-25,49060.53590453234
2020-01-26,70338.64895174671
2020-01-27,65897.57910238783
2020-01-28,65410.19020747516
2020-01-29,65036.41392567189
2020-01-30,64804.580867765675
2020-01-31,64863.01740526847
2020-02-01,49253.72265972945
2020-02-02,70494.57044134245
2020-02-03,66021.62899294104
2020-02-04,65508.86157511214
2020-02-05,65117.124547169835
2020-02-06,64875.4684762408
2020-02-07,64932.71020871564
2020-02-08,49331.09125782313
2020-02-09,70588.4679496959
2020-02-10,66140.62667070264
2020-02-11,65660.98753373793
2020-02-12,65309.613182684545
2020-02-13,65114.52811044911
2020-02-14,65223.31604301489
2020-02-15,49676.81014990089
2020-02-16,70991.32072488766
2020-02-17,66600.99270280325
2020-02-18,66177.55519496252
2020-02-19,65879.37850264843
2020-02-20,65732.84263248161
2020-02-21,65883.9834626547
2020-02-22,50372.229901482395
2020-02-23,71712.67529384448
2020-02-24,67338.47411896552
2020-02-25,66920.6249495239
2020-02-26,66617.05406276994
2020-02-27,66454.0028370591
2020-02-28,66577.68439911323
2020-02-29,51028.02240933198
2020-03-01,72320.91503143738
2020-03-02,67890.61517893313
2020-03-03,67409.48831302742
2020-03-04,67037.0627433472
2020-03-05,66801.37636509232
2020-03-06,66850.58632071101
2020-03-07,51226.65569237787
2020-03-08,72447.5616546946
2020-03-09,67949.61768978703
2020-03-10,67407.1727358359
2020-03-11,66981.60385835482
2020-03-12,66702.60801192054
2020-03-13,66719.76096521388
2020-03-14,51076.15898389209
2020-03-15,72290.58905109898
2020-03-16,67799.82139955547
2020-03-17,67278.28818459022
2020-03-18,66887.06560240984
2020-03-19,66655.16547084869
2020-03-20,66731.10451228791
2020-03-21,51156.56681157037
2020-03-22,72448.60481638683
2020-03-23,68041.97196087701
2020-03-24,67608.8497837294
2020-03-25,67307.88564491572
2020-03-26,67165.54564831036
2020-03-27,67327.74942609743
2020-03-28,51833.60054209485
2020-03-29,73197.65608124401
2020-03-30,68852.32666826477
2020-03-31,68467.66796365344
2020-04-01,68200.47798192399
2020-04-02,68075.70319293521
2020-04-03,68238.11857450765
2020-04-04,52726.09408813656
2020-04-05,74053.89009513422
2020-04-06,69654.07217686326
2020-04-07,69197.30591661128
2020-04-08,68841.445805162
2020-04-09,68612.92136006312
